<?xml version="1.0" encoding="ISO-8859-1"?>
<metadata>
   <idinfo>
      <citation>
         <citeinfo>
	    <origin>U.S. Department of Commerce, U.S. Census Bureau, Geography 
                    Division</origin>
	       <pubdate>2012</pubdate>
	       <title>TIGER/Line Shapefile, 2012,  county, Santa Rosa County, FL, Address Range-Feature County-based</title>
	       <edition>2012</edition>
	       <geoform>vector digital data</geoform>
	       <onlink>http://www2.census.gov/geo/tiger/TIGER2012/ADDRFEAT/tl_2012_12113_addrfeat.zip</onlink>
	 </citeinfo>
      </citation>
	   <descript>
	       <abstract>The TIGER/Line shapefiles and related database files (.dbf) are an extract of selected geographic and cartographic information from the U.S. Census Bureau's Master Address File / Topologically Integrated Geographic Encoding and Referencing (MAF/TIGER) Database (MTDB).  The MTDB provides seamless national coverage with no overlaps or gaps between parts.  Each TIGER/Line File is designed to stand alone as an independent data set, or it can be combined with shapefiles for other counties to cover a region or the entire nation.  The Address Ranges Feature Shapefile (ADDRFEAT.dbf) contains the geospatial edge geometry and attributes of all unsuppressed address ranges for a county or county equivalent area. The term "address range" refers to the collection of all possible structure numbers from the first structure number to the last structure number and all numbers of a specified parity in between along an edge side relative to the direction in which the edge is coded.     Single-address address ranges have been suppressed to maintain the confidentiality of the addresses they describe.  Multiple coincident address range feature edge records are represented in the shapefile if more than one left or right address ranges are associated to the edge. The ADDRFEAT shapefile contains a record for each address range to street name combination. Address range associated to more than one street name are also represented by multiple coincident address range feature edge records.   Note that the ADDRFEAT shapefile includes all unsuppressed address ranges compared to the All Lines Shapefile (EDGES.shp) which only includes the most inclusive address range associated with each side of a street edge.  The TIGER/Line Files contain potential address ranges, not individual addresses.  The address ranges in the TIGER/Line Files are potential ranges that include the full range of possible structure numbers even though the actual structures may not exist.</abstract>
	       <purpose>In order for others to use the information in the Census MAF/TIGER database in a geographic information system (GIS) or for other geographic applications, the Census Bureau releases to the public extracts of the database in the form of TIGER/Line Shapefiles.</purpose>
	       <Subject_Entity>Santa Rosa, FL, (12113)</Subject_Entity>
	   </descript>
		<timeperd>
			<timeinfo>
				<rngdates>
					<begdate>201108</begdate>
					<enddate>201206</enddate>
				</rngdates>
			</timeinfo>
			<current>Publication Date</current>
		</timeperd>
		<status>
			<progress>Complete</progress>
			<update>No changes or updates will be made to this version of the TIGER/Line Shapefiles.  Future releases of TIGER/Line Shapefiles will reflect updates made to the Census MAF/TIGER database.</update>
		</status>
		<spdom>
			<bounding>
				<westbc>-87.313908</westbc>
				<eastbc>-86.785692</eastbc>
				<northbc>30.999547</northbc>
				<southbc>30.318724</southbc>
			</bounding>
		</spdom>
		<keywords>
			<theme>
				<themekt>ISO 19115 Topic Categories</themekt>
				<themekey>transportation</themekey>
			</theme>
			<theme>
				<themekt>None</themekt>
				
				<themekey>State FIPS Code</themekey>
				<themekey>County FIPS Code</themekey>
				<themekey>State ANSI Code</themekey>
				<themekey>County ANSI Code</themekey>
				<themekey>Permanent edge ID</themekey>
				<themekey>From House Number</themekey>
				<themekey>To House Number</themekey>
				<themekey>Side indicator flag</themekey>
				<themekey>5-digit ZIP code</themekey>
				<themekey>ZIP +4 code</themekey>
			</theme>
			<place>
			   <placekt>ANSI INCITS 38:2009 (Formerly FIPS 5-2), 
                              ANSI INCITS 31:2009 (Formerly FIPS 6-4),ANSI 
                              INCITS 454:2009 (Formerly FIPS 8-6), ANSI INCITS 
                              455:2009(Formerly FIPS 9-1), ANSI INCITS 446:2008                           (Geographic Names Information System (GNIS))</placekt>
			   <placekey>United States</placekey>
				<placekey>U.S.</placekey>
				<placekey>County or Equivalent Entity</placekey>
				<placekey>Santa Rosa</placekey>
				<placekey>12113</placekey>	
			</place>
		</keywords>
		<accconst>None</accconst>
		<useconst>The TIGER/Line Shapefile products are not copyrighted however TIGER/Line and Census TIGER are registered trademarks of the U.S. Census Bureau.  These products are free to use in a product or publication, however acknowledgement must be given to the U.S. Census Bureau as the source.
The horizontal spatial accuracy information present in these files is provided for the purposes of statistical analysis and census operations only.  No warranty, expressed or implied is made with regard to the accuracy of the spatial accuracy, and no liability is assumed by the U.S. Government in general or the U.S. Census Bureau, specifically as to the spatial or attribute accuracy of the data.  The TIGER/Line Shapefiles may not be suitable for high-precision measurement applications such as engineering problems, property transfers, or other uses that might require highly accurate measurements of the earth's surface.Coordinates in the TIGER/Line shapefiles have six implied decimal places, but the positional accuracy of these coordinates is not as great as the six decimal places suggest.</useconst>
		<Title_13_Restrictions>Yes, the data are free from Title 13 restrictions</Title_13_Restrictions>
		<ptcontac>
		 <cntinfo>
		  <cntorgp>
		   <cntorg>U.S. Department of Commerce, U.S. Census Bureau, 
                         Geography Division, Geographic Products Branch</cntorg>
			</cntorgp>
			<cntaddr>
			<addrtype>Mailing</addrtype>
			<address>4600 Silver Hill Road, Stop 7400</address>
					<city>Washington</city>
					<state>DC</state>
					<postal>20233-7400</postal>
					<country>United States</country>
				</cntaddr>
				<cntvoice>301-763-1128</cntvoice>
				<cntfax>301-763-4710</cntfax>
				<cntemail>geo.tiger@census.gov</cntemail>
			</cntinfo>
		</ptcontac>
	</idinfo>
	<Data_Set_Character_Set>8859part1</Data_Set_Character_Set>
	<Data_Set_Language>eng</Data_Set_Language>
	<dataqual>
		<attracc>
			<attraccr>Accurate against Federal Information Processing Series (FIPS), FIPS Publication 6-4, and FIPS-55 at the 100% level for the codes and base names.  The remaining attribute information has been examined but has not been fully tested for accuracy.</attraccr>
		</attracc>
		<logic>There may be some inconsistencies in feature names along features.  An anomaly exists with the sporadic occurrence of road segments comprising a complete chain with different MAF/TIGER Feature Census Class Code (MTFCC) values assigned.  This problem could affect applications that use the MTFCC values for network analysis, routing, or for assigning symbology to a feature when creating a map.
The Census Bureau performed automated tests to ensure logical consistency and limits of shapefiles.  Node/geometry and topology relationships are collected or generated to satisfy topological edit requirements.  These requirements include:
(1) Complete chains must begin and end at nodes.
(2) Complete chains must connect to each other at nodes.
(3) Complete chains do not extend through nodes.
(4) Left and right polygons are defined for each complete chain element and are consistent throughout the extract process.
(5) The chains representing the limits of the files are free of gaps.</logic>
		<complete>Data completeness of the TIGER/Line Shapefiles reflects the contents of the Census MAF/TIGER database at the time the TIGER/Line Shapefiles were created.</complete>
			<posacc>
		<horizpa>
			<horizpar>The Census Bureau uses Global Positioning System (GPS) coordinates at road centerline intersections to evaluate the horizontal spatial accuracy of source files that may be used to realign road features in the MAF/TIGER database and test the horizontal spatial accuracy of the road features in the TIGER/Line Shapefiles.  The test compares a survey-grade GPS coordinate to its associated road centerline intersection in the TIGER/Line Shapefiles.  The test is based on an independent collection of GPS coordinates for a random sample of road intersections from a centerline file that meet certain criteria.  The points are referred to as the sample points and are gathered through a private contractor working for the Census Bureau.  Since the collection method uses survey-quality GPS-based field techniques, the resulting control points are considered 'ground truth' against which the TIGER road centerline intersection coordinates are compared.  The distances between the coordinates are calculated and the Census Bureau determines the Circular Error 95% (CE95).  That is, the accuracy of the file in meters with 95% confidence.  The CE95 can be calculated from the mean and standard deviation by using the formula: mean of differences plus (2.65 times the standard deviation).  CE95 results reported for each file tested are determined using a spreadsheet with embedded statistical formula.  The use and applicability of the spreadsheet and its embedded formula have been verified by Census Bureau statisticians.  The basis of the calculation is the use of the root mean square error (RMSE).  This is the method as stated in the U.S. Government's Federal Geographic Data Committee Standard FGDC-STD-007.3-1998, Geospatial Positioning Accuracy Standards.  Part 3: National Standard for Spatial Data Accuracy.  The results of using this measure of accuracy are in compliance with Federal Spatial Data requirements.  In terms of the Census Bureau application, the dataset coordinate values are those taken from the centerline file and the coordinate values from an independent source of higher accuracy are those acquired through the Census Bureau's contractor.  Please note that the horizontal spatial accuracy, where reported, refers only to the realigned road features identified as matched to the positionally accurate source file with that accuracy.  It is not the spatial accuracy of the TIGER/Line Shapefile as a whole.</horizpar>
			
<qhorizpa>
						<horizpav>4.75 meters for 2448</horizpav>
						<horizpae>The Census Bureau uses root mean square error (RMSE) as stated in the FGDC-STD-007. 3-1998, Geospatial Positioning Accuracy Standards, Part 3: National Standard for Spatial Data Accuracy.</horizpae></qhorizpa>
<qhorizpa>
						<horizpav>2.86 meters for 2691</horizpav>
						<horizpae>The Census Bureau uses root mean square error (RMSE) as stated in the FGDC-STD-007. 3-1998, Geospatial Positioning Accuracy Standards, Part 3: National Standard for Spatial Data Accuracy.</horizpae></qhorizpa>
<qhorizpa>
						<horizpav>4.97 meters for 2693</horizpav>
						<horizpae>The Census Bureau uses root mean square error (RMSE) as stated in the FGDC-STD-007. 3-1998, Geospatial Positioning Accuracy Standards, Part 3: National Standard for Spatial Data Accuracy.</horizpae></qhorizpa>
		</horizpa>
	</posacc>
		<lineage>
			<srcinfo>
				<srccite>
					<citeinfo>
						<origin>U.S. Department of Commerce, U.S. Census Bureau, Geography Division</origin>
					<pubdate>Unpublished material</pubdate>
					<title>Census MAF/TIGER database</title>
					</citeinfo>
				</srccite>
				<typesrc>online</typesrc>
				<srctime>
					<timeinfo>
						<rngdates>
						<begdate>201108</begdate>
						<enddate>201206</enddate>
						</rngdates>
					</timeinfo>
					<srccurr>Publication Date</srccurr>
				</srctime>
				<srccitea>MAF/TIGER</srccitea>
				<srccontr>All line segments</srccontr>
			</srcinfo>
			<srcinfo>
			<srccite>
				<citeinfo>
					<origin>2448
				Harris Corporation</origin>
					<pubdate>Unknown</pubdate>
					<title>Escambia Co., AL - Centerline Collect</title>
				</citeinfo>
			</srccite>
			<typesrc>Unknown</typesrc>
			<srctime>
				<timeinfo>
					<rngdates>
						<begdate>Unknown</begdate>
						<enddate>Unknown</enddate>
					</rngdates>
				</timeinfo>
				<srccurr>Unknown</srccurr>
			</srctime>
			<srccitea>None</srccitea>
			<srccontr>Coordinates to realign selected road features in the Census MAF/TIGER database.</srccontr>
		</srcinfo><srcinfo>
			<srccite>
				<citeinfo>
					<origin>2691
				Okaloosa County
				GIS Department</origin>
					<pubdate>Unknown</pubdate>
					<title>Okaloosa County File</title>
				</citeinfo>
			</srccite>
			<typesrc>CD-ROM</typesrc>
			<srctime>
				<timeinfo>
					<rngdates>
						<begdate>Unknown</begdate>
						<enddate>Unknown</enddate>
					</rngdates>
				</timeinfo>
				<srccurr>Unknown</srccurr>
			</srctime>
			<srccitea>None</srccitea>
			<srccontr>Coordinates to realign selected road features in the Census MAF/TIGER database.</srccontr>
		</srcinfo><srcinfo>
			<srccite>
				<citeinfo>
					<origin>2691
				Okaloosa County
				Information Systems / GIS</origin>
					<pubdate>Unknown</pubdate>
					<title>Okaloosa County File</title>
				</citeinfo>
			</srccite>
			<typesrc>CD-ROM</typesrc>
			<srctime>
				<timeinfo>
					<rngdates>
						<begdate>Unknown</begdate>
						<enddate>Unknown</enddate>
					</rngdates>
				</timeinfo>
				<srccurr>Unknown</srccurr>
			</srctime>
			<srccitea>None</srccitea>
			<srccontr>Coordinates to realign selected road features in the Census MAF/TIGER database.</srccontr>
		</srcinfo><srcinfo>
			<srccite>
				<citeinfo>
					<origin>2693
				Santa Rosa County
				Computer / GIS Department</origin>
					<pubdate>20040712</pubdate>
					<title>Santa Rosa County File</title>
				</citeinfo>
			</srccite>
			<typesrc>CD-ROM</typesrc>
			<srctime>
				<timeinfo>
					<rngdates>
						<begdate>20040712</begdate>
						<enddate>20040712</enddate>
					</rngdates>
				</timeinfo>
				<srccurr>Unknown</srccurr>
			</srctime>
			<srccitea>None</srccitea>
			<srccontr>Coordinates to realign selected road features in the Census MAF/TIGER database.</srccontr>
		</srcinfo><srcinfo>
			<srccite>
				<citeinfo>
					<origin>2693
				Santa Rosa County
				Computer / GIS Department</origin>
					<pubdate>20040712</pubdate>
					<title>Santa Rosa County File</title>
				</citeinfo>
			</srccite>
			<typesrc>CD-ROM</typesrc>
			<srctime>
				<timeinfo>
					<rngdates>
						<begdate>20040712</begdate>
						<enddate>20040712</enddate>
					</rngdates>
				</timeinfo>
				<srccurr>Unknown</srccurr>
			</srctime>
			<srccitea>None</srccitea>
			<srccontr>Coordinates to realign selected hydrographic features in the Census MAF/TIGER database.</srccontr>
		</srcinfo><srcinfo>
			<srccite>
				<citeinfo>
					<origin>3884
				USGS - National Hydrography Dataset
				Coordination and Requirements (C&amp;R)</origin>
					<pubdate>Unknown</pubdate>
					<title>National Hydrography Dataset - High Res.</title>
				</citeinfo>
			</srccite>
			<typesrc>Internet Download</typesrc>
			<srctime>
				<timeinfo>
					<rngdates>
						<begdate>Unknown</begdate>
						<enddate>Unknown</enddate>
					</rngdates>
				</timeinfo>
				<srccurr>Unknown</srccurr>
			</srctime>
			<srccitea>None</srccitea>
			<srccontr>Coordinates to realign selected hydrographic features in the Census MAF/TIGER database.</srccontr>
		</srcinfo><srcinfo>
			<srccite>
				<citeinfo>
					<origin>7190
				Census Bureau - Geography Division
				US Census Bureau - Geo Div - LFGPB</origin>
					<pubdate>Unknown</pubdate>
					<title>2010 ADCAN GPS Feature Updates</title>
				</citeinfo>
			</srccite>
			<typesrc>Unknown</typesrc>
			<srctime>
				<timeinfo>
					<rngdates>
						<begdate>Unknown</begdate>
						<enddate>Unknown</enddate>
					</rngdates>
				</timeinfo>
				<srccurr>Unknown</srccurr>
			</srctime>
			<srccitea>None</srccitea>
			<srccontr>Coordinates to realign selected road features in the Census MAF/TIGER database.</srccontr>
		</srcinfo>
			<procstep>
				<procdesc>TIGER/Line Shapefiles are extracted from the Census MAF/TIGER database by nation, state, county, and entity.  Census MAF/TIGER data for all of the aforementioned geographic entities are then distributed among the shapefiles each containing attributes for line, polygon, or landmark geographic data. </procdesc>
				<srcused>MAF/TIGER</srcused>
				<procdate>2012</procdate>
			</procstep>
		</lineage>
	</dataqual>
	<spdoinfo>
		<indspref>Federal Information Processing Series (FIPS), ANSI, and feature names.</indspref>
		<direct>Vector</direct>
		<ptvctinf>
			<sdtsterm>
				<sdtstype>Complete chain</sdtstype>
				<ptvctcnt>16635</ptvctcnt>
			</sdtsterm>
		</ptvctinf>
	</spdoinfo>
	<spref>
		<horizsys>
			<geograph>
				<latres>0.000458</latres>
				<longres>0.000458</longres>
				<geogunit>Decimal degrees</geogunit>
			</geograph>
			<geodetic>
				<horizdn>North American Datum of 1983</horizdn>
				<ellips>Geodetic Reference System 80</ellips>
				<semiaxis>6378137</semiaxis>
				<denflat>298.257</denflat>
			</geodetic>
		</horizsys>
	</spref>
	<eainfo>
    <detailed>
      <enttyp>
        <enttypl>ADDRFEAT.shp</enttypl>
        <enttypd>Address Range Feature County-based</enttypd>
        <enttypds>U.S. Census Bureau</enttypds>
      </enttyp>
      <attr>
        <attrlabl>TLID</attrlabl>
        <attrdef>Permanent edge ID</attrdef>
        <attrdefs>U.S. Census Bureau</attrdefs>
        <attrdomv>
          <udom>data are unavailable</udom>
        </attrdomv>
      </attr>
      <attr>
        <attrlabl>TFIDL</attrlabl>
        <attrdef>Permanent face ID on the left of the edge</attrdef>
        <attrdefs>U.S. Census Bureau</attrdefs>
        <attrdomv>
          <rdom>
            <rdommin>100001</rdommin>
            <rdommax>9999999999</rdommax>
          </rdom>
        </attrdomv>
      </attr>
      <attr>
        <attrlabl>TFIDR</attrlabl>
        <attrdef>Permanent face ID on the right of the edge</attrdef>
        <attrdefs>U.S. Census Bureau</attrdefs>
        <attrdomv>
          <rdom>
            <rdommin>100001</rdommin>
            <rdommax>9999999999</rdommax>
          </rdom>
        </attrdomv>
      </attr>
      <attr>
        <attrlabl>ARIDL</attrlabl>
        <attrdef>Left side Address range identifier</attrdef>
        <attrdefs>U.S. Census Bureau</attrdefs>
        <attrdomv>
          <udom>data are unavailable</udom>
        </attrdomv>
      </attr>
      <attr>
        <attrlabl>ARIDR</attrlabl>
        <attrdef>Right side Address range identifier</attrdef>
        <attrdefs>U.S. Census Bureau</attrdefs>
        <attrdomv>
          <udom>data are unavailable</udom>
        </attrdomv>
      </attr>
      <attr>
        <attrlabl>LINEARID</attrlabl>
        <attrdef>Linear feature identifier</attrdef>
        <attrdefs>U.S. Census Bureau</attrdefs>
        <attrdomv>
          <udom>data are unavailable</udom>
        </attrdomv>
      </attr>
      <attr>
        <attrlabl>FULLNAME</attrlabl>
        <attrdef>Concatenation of expanded text for prefix qualifier, prefix direction, prefix type, base name, suffix type, suffix direction, and suffix qualifier (as available) with a space between each expanded text field</attrdef>
        <attrdefs>U.S. Census Bureau</attrdefs>
        <attrdomv>
          <udom>data are unavailable</udom>
        </attrdomv>
      </attr>
      <attr>
        <attrlabl>LFROMHN</attrlabl>
        <attrdef>From house number associated with the address range on the left side of the edge; SIDE=L</attrdef>
        <attrdefs>U.S. Census Bureau</attrdefs>
        <attrdomv>
          <udom>data are unavailable</udom>
        </attrdomv>
      </attr>
      <attr>
        <attrlabl>LTOHN</attrlabl>
        <attrdef>To house number associated with the address range on the left side of the edge; SIDE=L</attrdef>
        <attrdefs>U.S. Census Bureau</attrdefs>
        <attrdomv>
          <udom>data are unavailable</udom>
        </attrdomv>
      </attr>
      <attr>
        <attrlabl>RFROMHN</attrlabl>
        <attrdef>From house number associated with the address range on the right side of the edge; SIDE=R</attrdef>
        <attrdefs>U.S. Census Bureau</attrdefs>
        <attrdomv>
          <udom>data are unavailable</udom>
        </attrdomv>
      </attr>
      <attr>
        <attrlabl>RTOHN</attrlabl>
        <attrdef>To house number associated with the address range on the right side of the edge; SIDE=R</attrdef>
        <attrdefs>U.S. Census Bureau</attrdefs>
        <attrdomv>
          <udom>data are unavailable</udom>
        </attrdomv>
      </attr>
      <attr>
        <attrlabl>ZIPL</attrlabl>
        <attrdef>ZIP code associated with the left address range</attrdef>
        <attrdefs>U.S. Census Bureau</attrdefs>
        <attrdomv>
          <edom>
            <edomv>00500 to 99999</edomv>
            <edomvd>Valid numeric ZIP Code</edomvd>
            <edomvds>U.S. Census Bureau</edomvds>
          </edom>
        </attrdomv>
      </attr>
      <attr>
        <attrlabl>ZIPR</attrlabl>
        <attrdef>ZIP code associated with the right address range</attrdef>
        <attrdefs>U.S. Census Bureau</attrdefs>
        <attrdomv>
          <edom>
            <edomv>00500 to 99999</edomv>
            <edomvd>Valid numeric ZIP Code</edomvd>
            <edomvds>U.S. Census Bureau</edomvds>
          </edom>
        </attrdomv>
      </attr>
      <attr>
        <attrlabl>EDGE_MTFCC</attrlabl>
        <attrdef>MAF/TIGER feature class code of related edge record</attrdef>
        <attrdefs>U.S. Census Bureau</attrdefs>
        <attrdomv>
          <edom>
            <edomv>D1000</edomv>
            <edomvd>Official Address range</edomvd>
            <edomvds>U.S. Census Bureau</edomvds>
          </edom>
        </attrdomv>
      </attr>
      <attr>
        <attrlabl>ROAD_MTFCC</attrlabl>
        <attrdef>MAF/TIGER feature class code of related linear feature record</attrdef>
        <attrdefs>U.S. Census Bureau</attrdefs>
        <attrdomv>
          <edom>
            <edomv>S1100</edomv>
            <edomvd>Primary Road</edomvd>
            <edomvds>U.S. Census Bureau</edomvds>
          </edom>
          <edom>
            <edomv>S1200</edomv>
            <edomvd>Secondary Road</edomvd>
            <edomvds>U.S. Census Bureau</edomvds>
          </edom>
          <edom>
            <edomv>S1400</edomv>
            <edomvd>Local Neighborhood Road, Rural Road, City Street
            </edomvd>
            <edomvds>U.S. Census Bureau</edomvds>
          </edom>
          <edom>
            <edomv>S1500</edomv>
            <edomvd>Vehicular Trail (4WD)</edomvd>
            <edomvds>U.S. Census Bureau</edomvds>
          </edom>
          <edom>
            <edomv>S1640</edomv>
            <edomvd>Service Drive usually along a limited access highway
            </edomvd>
            <edomvds>U.S. Census Bureau</edomvds>
          </edom>
          <edom>
            <edomv>S1710</edomv>
            <edomvd>Walkway/Pedestrian Trail</edomvd>
            <edomvds>U.S. Census Bureau</edomvds>
          </edom>
          <edom>
            <edomv>S1720</edomv>
            <edomvd>Stairway</edomvd>
            <edomvds>U.S. Census Bureau</edomvds>
          </edom>
          <edom>
            <edomv>S1730</edomv>
            <edomvd>Alley</edomvd>
            <edomvds>U.S. Census Bureau</edomvds>
          </edom>
          <edom>
            <edomv>S1740</edomv>
            <edomvd>Private Road for service vehicles (logging, oil fields, ranches, etc.)
            </edomvd>
            <edomvds>U.S. Census Bureau</edomvds>
          </edom>
          <edom>
            <edomv>S1750</edomv>
            <edomvd>Private Driveway</edomvd>
            <edomvds>U.S. Census Bureau</edomvds>
          </edom>
          <edom>
            <edomv>S1780</edomv>
            <edomvd>Parking Lot Road</edomvd>
            <edomvds>U.S. Census Bureau</edomvds>
          </edom>
          <edom>
            <edomv>S1820</edomv>
            <edomvd>Bike Path or Trail</edomvd>
            <edomvds>U.S. Census Bureau</edomvds>
          </edom>
          <edom>
            <edomv>S1830</edomv>
            <edomvd>Bridle Path</edomvd>
            <edomvds>U.S. Census Bureau</edomvds>
          </edom>
          <edom>
            <edomv>S2000</edomv>
            <edomvd>Road Median</edomvd>
            <edomvds>U.S. Census Bureau</edomvds>
          </edom>
        </attrdomv>
      </attr>
      <attr>
        <attrlabl>PARITYL</attrlabl>
        <attrdef>Left side Address Range Parity</attrdef>
        <attrdefs>U.S. Census Bureau</attrdefs>
        <attrdomv>
          <edom>
            <edomv />
            <edomvd>Indicates whether an address ranges is Odd (O), Even (E), or Both (B) (both odd and even)</edomvd>
            <edomvds>U.S. Census Bureau</edomvds>
          </edom>
        </attrdomv>
      </attr>
      <attr>
        <attrlabl>PARITYR</attrlabl>
        <attrdef>Right side Address Range Parity</attrdef>
        <attrdefs>U.S. Census Bureau</attrdefs>
        <attrdomv>
          <edom>
            <edomv />
            <edomvd>Indicates whether an address ranges is Odd (O), Even (E), or Both (B) (both odd and even)</edomvd>
            <edomvds>U.S. Census Bureau</edomvds>
          </edom>
        </attrdomv>
      </attr>
      <attr>
        <attrlabl>PLUS4L</attrlabl>
        <attrdef>Left side ZIP + 4 code</attrdef>
        <attrdefs>U.S. Census Bureau</attrdefs>
        <attrdomv>
          <edom>
            <edomv>0000 to 9999</edomv>
            <edomvd>ZIP + 4 code</edomvd>
            <edomvds>U.S. Census Bureau</edomvds>
          </edom>
        </attrdomv>
      </attr>
      <attr>
        <attrlabl>PLUS4R</attrlabl>
        <attrdef>Right side ZIP + 4 code</attrdef>
        <attrdefs>U.S. Census Bureau</attrdefs>
        <attrdomv>
          <edom>
            <edomv>0000 to 9999</edomv>
            <edomvd>ZIP + 4 code</edomvd>
            <edomvds>U.S. Census Bureau</edomvds>
          </edom>
        </attrdomv>
      </attr>
      <attr>
        <attrlabl>LFROMTYP</attrlabl>
        <attrdef>Left side From address range end type</attrdef>
        <attrdefs>U.S. Census Bureau</attrdefs>
        <attrdomv>
          <edom>
            <edomv>I</edomv>
            <edomvd>This field will only be populated if the value is 'I' and the address range is an imputed value calculated by the Census Bureau at a split point. If the value is anything other than 'I', the field shall be left blank</edomvd>
            <edomvds>U.S. Census Bureau</edomvds>
          </edom>
        </attrdomv>
      </attr>
      <attr>
        <attrlabl>LTOTYP</attrlabl>
        <attrdef>Left side To address range end type</attrdef>
        <attrdefs>U.S. Census Bureau</attrdefs>
        <attrdomv>
          <edom>
            <edomv>I</edomv>
            <edomvd>This field will only be populated if the value is 'I' and the address range is an imputed value calcul
ated by the Census Bureau at a split point. If the value is anything other than 'I', the field shall be left blank</edomvd>
            <edomvds>U.S. Census Bureau</edomvds>
          </edom>
        </attrdomv>
      </attr>
      <attr>
        <attrlabl>RFROMTYP</attrlabl>
        <attrdef>Right side From address range end type</attrdef>
        <attrdefs>U.S. Census Bureau</attrdefs>
        <attrdomv>
          <edom>
            <edomv>I</edomv>
            <edomvd>This field will only be populated if the value is 'I' and the address range is an imputed value calculated by the Census Bureau at a split point. If the value is anything other than 'I', the field shall be left blank</edomvd>
            <edomvds>U.S. Census Bureau</edomvds>
          </edom>
        </attrdomv>
      </attr>
      <attr>
        <attrlabl>RTOTYP</attrlabl>
        <attrdef>Right side To address range end type</attrdef>
        <attrdefs>U.S. Census Bureau</attrdefs>
        <attrdomv>
          <edom>
            <edomv>I</edomv>
            <edomvd>This field will only be populated if the value is 'I' and the address range is an imputed value calculated by the Census Bureau at a split point. If the value is anything other than 'I', the field shall be left blank</edomvd>
            <edomvds>U.S. Census Bureau</edomvds>
          </edom>
        </attrdomv>
      </attr>
      <attr>
        <attrlabl>OFFSETL</attrlabl>
        <attrdef>Left offset flag</attrdef>
        <attrdefs>U.S. Census Bureau</attrdefs>
        <attrdomv>
          <codesetd>
            <codesetn>data are unavailable</codesetn>
            <codesets>data are unavailable</codesets>
          </codesetd>
        </attrdomv>
      </attr>
      <attr>
        <attrlabl>OFFSETR</attrlabl>
        <attrdef>Right offset flag</attrdef>
        <attrdefs>U.S. Census Bureau</attrdefs>
        <attrdomv>
          <codesetd>
            <codesetn>data are unavailable</codesetn>
            <codesets>data are unavailable</codesets>
          </codesetd>
        </attrdomv>
      </attr>
    </detailed>
  </eainfo>
	<distinfo>
		<distrib>
			<cntinfo>
				<cntorgp>
					<cntorg>U.S. Department of Commerce, U.S. Census Bureau, Geography Division, Geographic Products Branch</cntorg>
			</cntorgp>
			<cntaddr>
			    <addrtype>Mailing</addrtype>
	 		    <address>4600 Silver Hill Road, Stop 7400</address>
					<city>Washington</city>
					<state>DC</state>
					<postal>20233-7400</postal>
					<country>United States</country>
				</cntaddr>
				<cntvoice>301-763-1128</cntvoice>
				<cntfax>301-763-4710</cntfax>
				<cntemail>geo.tiger@census.gov</cntemail>
			</cntinfo>
		</distrib>
		<distliab>No warranty, expressed or implied is made with regard to the accuracy of these data, and no liability is assumed by the U.S. Government in general or the U.S. Census Bureau in specific as to the spatial or attribute accuracy of the data.  The act of distribution shall not constitute any such warranty and no responsibility is assumed by the U.S. government in the use of these files.  The boundary information in the TIGER/Line Shapefiles is for statistical data collection and tabulation purposes only; their depiction and designation for statistical purposes do not constitute a determination of jurisdictional authority or rights of ownership or entitlement and they are not legal land descriptions.</distliab>
	   <stdorder>
	     <digform>
				<digtinfo>
					<formname>TGRSHP (compressed)</formname>
					<filedec>PK-ZIP, version 1.93 A or higher</filedec>
				</digtinfo>
				<digtopt>
					<onlinopt>
						<computer>
						  <networka>
						<networkr>http://www2.census.gov/geo/tiger/TIGER2012/ADDRFEAT/tl_2012_12113_addrfeat.zip</networkr>
						  </networka>
						</computer>
					</onlinopt>
				</digtopt>
			</digform>
			<fees>The online copy of the TIGER/Line files may be accessed without charge.</fees>
			<ordering>To obtain more information about ordering TIGER/Line shapefiles visit http://www.census.gov/geo/www/tiger </ordering>
		</stdorder>
		<techpreq>The TIGER/Line shapefiles contain geographic data only and do not include display mapping software or statistical data.  For information on how to use the TIGER/Line shapefile data with specific software package users shall contact the company that produced the software.</techpreq>
	</distinfo>
	<metainfo>
		<metd>20120615</metd>
		<metc>
			<cntinfo>
				<cntorgp>
					<cntorg>U.S. Department of Commerce, U.S. Census Bureau, Geography Division, Geographic Products Branch</cntorg>
				</cntorgp>
				<cntaddr>
					<addrtype>Mailing</addrtype>
					<address>4600 Silver Hill Road, Stop 7400</address>
					<city>Washington</city>
					<state>DC</state>
					<postal>20233-7400</postal>
					<country>United States</country>
				</cntaddr>
				<cntvoice>301-763-1128</cntvoice>
				<cntfax>301-763-4710</cntfax>
				<cntemail>geo.tiger@census.gov</cntemail>
			</cntinfo>
		</metc>
		<metstdn>FGDC Content Standards for Digital Geospatial Metadata</metstdn>
		<metstdv>FGDC-STD-001-1998</metstdv>
		<Metadata_Character_Set>8859part1</Metadata_Character_Set>
		<Metadata_File_Identifier>tl_2012_12113_addrfeat.shp.xml</Metadata_File_Identifier>
		<Metadata_Language>eng</Metadata_Language>
	</metainfo>
</metadata>
